x_m,stage,pm25_ugm3,no_ppb,no2_ppb,voc_ppb,o3_ppb,oh_ppt
0.0000,demister,150.0000,40.0000,80.0000,300.0000,20.0000,0.0000
0.0049,demister,149.8947,40.0000,80.0000,300.0000,20.0000,0.0000
0.0097,demister,149.7895,40.0000,80.0000,300.0000,20.0000,0.0000
0.0146,demister,149.6844,40.0000,80.0000,300.0000,20.0000,0.0000
0.0195,demister,149.5794,40.0000,80.0000,300.0000,20.0000,0.0000
0.0244,demister,149.4744,40.0000,80.0000,300.0000,20.0000,0.0000
0.0292,demister,149.3695,40.0000,80.0000,300.0000,20.0000,0.0000
0.0341,demister,149.2647,40.0000,80.0000,300.0000,20.0000,0.0000
0.0390,demister,149.1600,40.0000,80.0000,300.0000,20.0000,0.0000
0.0439,demister,149.0553,40.0000,80.0000,300.0000,20.0000,0.0000
0.0488,demister,148.9507,40.0000,80.0000,300.0000,20.0000,0.0000
0.0536,demister,148.8462,40.0000,80.0000,300.0000,20.0000,0.0000
0.0585,demister,148.7417,40.0000,80.0000,300.0000,20.0000,0.0000
0.0634,demister,148.6373,40.0000,80.0000,300.0000,20.0000,0.0000
0.0683,demister,148.5330,40.0000,80.0000,300.0000,20.0000,0.0000
0.0731,demister,148.4288,40.0000,80.0000,300.0000,20.0000,0.0000
0.0780,demister,148.3246,40.0000,80.0000,300.0000,20.0000,0.0000
0.0829,demister,148.2205,40.0000,80.0000,300.0000,20.0000,0.0000
0.0877,demister,148.1165,40.0000,80.0000,300.0000,20.0000,0.0000
0.0926,demister,148.0126,40.0000,80.0000,300.0000,20.0000,0.0000
0.0975,demister,147.9087,40.0000,80.0000,300.0000,20.0000,0.0000
0.1024,demister,147.8049,40.0000,80.0000,300.0000,20.0000,0.0000
0.1072,demister,147.7012,40.0000,80.0000,300.0000,20.0000,0.0000
0.1121,demister,147.5975,40.0000,80.0000,300.0000,20.0000,0.0000
0.1170,demister,147.4940,40.0000,80.0000,300.0000,20.0000,0.0000
0.1219,demister,147.3905,40.0000,80.0000,300.0000,20.0000,0.0000
0.1268,demister,147.2870,40.0000,80.0000,300.0000,20.0000,0.0000
0.1316,demister,147.1837,40.0000,80.0000,300.0000,20.0000,0.0000
0.1365,demister,147.0804,40.0000,80.0000,300.0000,20.0000,0.0000
0.1414,demister,146.9772,40.0000,80.0000,300.0000,20.0000,0.0000
0.1462,demister,146.8740,40.0000,80.0000,300.0000,20.0000,0.0000
0.1511,demister,146.7710,40.0000,80.0000,300.0000,20.0000,0.0000
0.1560,demister,146.6680,40.0000,80.0000,300.0000,20.0000,0.0000
0.1609,demister,146.5650,40.0000,80.0000,300.0000,20.0000,0.0000
0.1658,demister,146.4622,40.0000,80.0000,300.0000,20.0000,0.0000
0.1706,demister,146.3594,40.0000,80.0000,300.0000,20.0000,0.0000
0.1755,demister,146.2567,40.0000,80.0000,300.0000,20.0000,0.0000
0.1804,demister,146.1541,40.0000,80.0000,300.0000,20.0000,0.0000
0.1852,demister,146.0515,40.0000,80.0000,300.0000,20.0000,0.0000
0.1901,demister,145.9490,40.0000,80.0000,300.0000,20.0000,0.0000
0.1950,demister,145.8466,40.0000,80.0000,300.0000,20.0000,0.0000
0.1999,demister,145.7442,40.0000,80.0000,300.0000,20.0000,0.0000
0.2047,demister,145.6420,40.0000,80.0000,300.0000,20.0000,0.0000
0.2096,demister,145.5398,40.0000,80.0000,300.0000,20.0000,0.0000
0.2145,demister,145.4376,40.0000,80.0000,300.0000,20.0000,0.0000
0.2194,demister,145.3356,40.0000,80.0000,300.0000,20.0000,0.0000
0.2243,demister,145.2336,40.0000,80.0000,300.0000,20.0000,0.0000
0.2291,demister,145.1317,40.0000,80.0000,300.0000,20.0000,0.0000
0.2340,demister,145.0298,40.0000,80.0000,300.0000,20.0000,0.0000
0.2389,demister,144.9280,40.0000,80.0000,300.0000,20.0000,0.0000
0.2437,demister,144.8263,40.0000,80.0000,300.0000,20.0000,0.0000
0.2486,demister,144.7247,40.0000,80.0000,300.0000,20.0000,0.0000
0.2535,wesp,144.6231,40.0000,80.0000,300.0000,20.0000,0.0000
0.2584,wesp,142.7701,40.0000,79.9214,300.0000,20.0000,0.0000
0.2632,wesp,140.9408,40.0000,79.8428,300.0000,20.0000,0.0000
0.2681,wesp,139.1350,40.0000,79.7644,300.0000,20.0000,0.0000
0.2730,wesp,137.3522,40.0000,79.6860,300.0000,20.0000,0.0000
0.2779,wesp,135.5924,40.0000,79.6077,300.0000,20.0000,0.0000
0.2828,wesp,133.8551,40.0000,79.5294,300.0000,20.0000,0.0000
0.2876,wesp,132.1400,40.0000,79.4513,300.0000,20.0000,0.0000
0.2925,wesp,130.4469,40.0000,79.3732,300.0000,20.0000,0.0000
0.2974,wesp,128.7755,40.0000,79.2952,300.0000,20.0000,0.0000
0.3023,wesp,127.1255,40.0000,79.2172,300.0000,20.0000,0.0000
0.3071,wesp,125.4967,40.0000,79.1394,300.0000,20.0000,0.0000
0.3120,wesp,123.8887,40.0000,79.0616,300.0000,20.0000,0.0000
0.3169,wesp,122.3014,40.0000,78.9839,300.0000,20.0000,0.0000
0.3217,wesp,120.7343,40.0000,78.9063,300.0000,20.0000,0.0000
0.3266,wesp,119.1874,40.0000,78.8287,300.0000,20.0000,0.0000
0.3315,wesp,117.6602,40.0000,78.7512,300.0000,20.0000,0.0000
0.3364,wesp,116.1527,40.0000,78.6738,300.0000,20.0000,0.0000
0.3412,wesp,114.6644,40.0000,78.5965,300.0000,20.0000,0.0000
0.3461,wesp,113.1953,40.0000,78.5193,300.0000,20.0000,0.0000
0.3510,wesp,111.7449,40.0000,78.4421,300.0000,20.0000,0.0000
0.3559,wesp,110.3131,40.0000,78.3650,300.0000,20.0000,0.0000
0.3608,wesp,108.8997,40.0000,78.2880,300.0000,20.0000,0.0000
0.3656,wesp,107.5044,40.0000,78.2111,300.0000,20.0000,0.0000
0.3705,wesp,106.1270,40.0000,78.1342,300.0000,20.0000,0.0000
0.3754,wesp,104.7672,40.0000,78.0574,300.0000,20.0000,0.0000
0.3802,wesp,103.4248,40.0000,77.9807,300.0000,20.0000,0.0000
0.3851,wesp,102.0996,40.0000,77.9041,300.0000,20.0000,0.0000
0.3900,wesp,100.7915,40.0000,77.8275,300.0000,20.0000,0.0000
0.3949,wesp,99.5000,40.0000,77.7510,300.0000,20.0000,0.0000
0.3997,wesp,98.2252,40.0000,77.6746,300.0000,20.0000,0.0000
0.4046,wesp,96.9666,40.0000,77.5982,300.0000,20.0000,0.0000
0.4095,wesp,95.7242,40.0000,77.5220,300.0000,20.0000,0.0000
0.4144,wesp,94.4977,40.0000,77.4458,300.0000,20.0000,0.0000
0.4193,wesp,93.2869,40.0000,77.3697,300.0000,20.0000,0.0000
0.4241,wesp,92.0916,40.0000,77.2936,300.0000,20.0000,0.0000
0.4290,wesp,90.9117,40.0000,77.2177,300.0000,20.0000,0.0000
0.4339,wesp,89.7469,40.0000,77.1418,300.0000,20.0000,0.0000
0.4387,wesp,88.5969,40.0000,77.0660,300.0000,20.0000,0.0000
0.4436,wesp,87.4618,40.0000,76.9902,300.0000,20.0000,0.0000
0.4485,wesp,86.3411,40.0000,76.9146,300.0000,20.0000,0.0000
0.4534,wesp,85.2349,40.0000,76.8390,300.0000,20.0000,0.0000
0.4582,wesp,84.1428,40.0000,76.7635,300.0000,20.0000,0.0000
0.4631,wesp,83.0646,40.0000,76.6880,300.0000,20.0000,0.0000
0.4680,wesp,82.0004,40.0000,76.6126,300.0000,20.0000,0.0000
0.4729,wesp,80.9497,40.0000,76.5374,300.0000,20.0000,0.0000
0.4778,wesp,79.9125,40.0000,76.4621,300.0000,20.0000,0.0000
0.4826,wesp,78.8886,40.0000,76.3870,300.0000,20.0000,0.0000
0.4875,wesp,77.8778,40.0000,76.3119,300.0000,20.0000,0.0000
0.4924,wesp,76.8800,40.0000,76.2369,300.0000,20.0000,0.0000
0.4973,wesp,75.8949,40.0000,76.1620,300.0000,20.0000,0.0000
0.5021,wesp,74.9225,40.0000,76.0871,300.0000,20.0000,0.0000
0.5070,wesp,73.9625,40.0000,76.0124,300.0000,20.0000,0.0000
0.5119,wesp,73.0149,40.0000,75.9377,300.0000,20.0000,0.0000
0.5168,wesp,72.0793,40.0000,75.8630,300.0000,20.0000,0.0000
0.5216,wesp,71.1558,40.0000,75.7885,300.0000,20.0000,0.0000
0.5265,wesp,70.2441,40.0000,75.7140,300.0000,20.0000,0.0000
0.5314,wesp,69.3440,40.0000,75.6396,300.0000,20.0000,0.0000
0.5363,wesp,68.4556,40.0000,75.5652,300.0000,20.0000,0.0000
0.5411,wesp,67.5784,40.0000,75.4910,300.0000,20.0000,0.0000
0.5460,wesp,66.7126,40.0000,75.4168,300.0000,20.0000,0.0000
0.5509,wesp,65.8578,40.0000,75.3426,300.0000,20.0000,0.0000
0.5557,wesp,65.0140,40.0000,75.2686,300.0000,20.0000,0.0000
0.5606,wesp,64.1810,40.0000,75.1946,300.0000,20.0000,0.0000
0.5655,wesp,63.3586,40.0000,75.1207,300.0000,20.0000,0.0000
0.5704,wesp,62.5468,40.0000,75.0469,300.0000,20.0000,0.0000
0.5753,wesp,61.7454,40.0000,74.9731,300.0000,20.0000,0.0000
0.5801,wesp,60.9543,40.0000,74.8995,300.0000,20.0000,0.0000
0.5850,wesp,60.1733,40.0000,74.8258,300.0000,20.0000,0.0000
0.5899,wesp,59.4023,40.0000,74.7523,300.0000,20.0000,0.0000
0.5948,wesp,58.6412,40.0000,74.6788,300.0000,20.0000,0.0000
0.5996,wesp,57.8898,40.0000,74.6054,300.0000,20.0000,0.0000
0.6045,wesp,57.1481,40.0000,74.5321,300.0000,20.0000,0.0000
0.6094,wesp,56.4159,40.0000,74.4589,300.0000,20.0000,0.0000
0.6142,wesp,55.6930,40.0000,74.3857,300.0000,20.0000,0.0000
0.6191,wesp,54.9794,40.0000,74.3126,300.0000,20.0000,0.0000
0.6240,wesp,54.2750,40.0000,74.2396,300.0000,20.0000,0.0000
0.6289,wesp,53.5796,40.0000,74.1666,300.0000,20.0000,0.0000
0.6338,wesp,52.8931,40.0000,74.0937,300.0000,20.0000,0.0000
0.6386,wesp,52.2153,40.0000,74.0209,300.0000,20.0000,0.0000
0.6435,wesp,51.5463,40.0000,73.9481,300.0000,20.0000,0.0000
0.6484,wesp,50.8859,40.0000,73.8755,300.0000,20.0000,0.0000
0.6532,wesp,50.2339,40.0000,73.8029,300.0000,20.0000,0.0000
0.6581,wesp,49.5902,40.0000,73.7303,300.0000,20.0000,0.0000
0.6630,wesp,48.9548,40.0000,73.6579,300.0000,20.0000,0.0000
0.6679,wesp,48.3276,40.0000,73.5855,300.0000,20.0000,0.0000
0.6727,wesp,47.7084,40.0000,73.5131,300.0000,20.0000,0.0000
0.6776,wesp,47.0971,40.0000,73.4409,300.0000,20.0000,0.0000
0.6825,wesp,46.4937,40.0000,73.3687,300.0000,20.0000,0.0000
0.6874,wesp,45.8979,40.0000,73.2966,300.0000,20.0000,0.0000
0.6923,wesp,45.3099,40.0000,73.2246,300.0000,20.0000,0.0000
0.6971,wesp,44.7293,40.0000,73.1526,300.0000,20.0000,0.0000
0.7020,wesp,44.1562,40.0000,73.0807,300.0000,20.0000,0.0000
0.7069,wesp,43.5904,40.0000,73.0089,300.0000,20.0000,0.0000
0.7117,wesp,43.0319,40.0000,72.9371,300.0000,20.0000,0.0000
0.7166,wesp,42.4806,40.0000,72.8655,300.0000,20.0000,0.0000
0.7215,wesp,41.9363,40.0000,72.7938,300.0000,20.0000,0.0000
0.7264,wesp,41.3989,40.0000,72.7223,300.0000,20.0000,0.0000
0.7312,wesp,40.8685,40.0000,72.6508,300.0000,20.0000,0.0000
0.7361,wesp,40.3449,40.0000,72.5794,300.0000,20.0000,0.0000
0.7410,wesp,39.8279,40.0000,72.5081,300.0000,20.0000,0.0000
0.7459,wesp,39.3176,40.0000,72.4368,300.0000,20.0000,0.0000
0.7508,wesp,38.8138,40.0000,72.3657,300.0000,20.0000,0.0000
0.7556,wesp,38.3165,40.0000,72.2945,300.0000,20.0000,0.0000
0.7605,wesp,37.8256,40.0000,72.2235,300.0000,20.0000,0.0000
0.7654,wesp,37.3409,40.0000,72.1525,300.0000,20.0000,0.0000
0.7702,wesp,36.8625,40.0000,72.0816,300.0000,20.0000,0.0000
0.7751,wesp,36.3902,40.0000,72.0107,300.0000,20.0000,0.0000
0.7800,wesp,35.9239,40.0000,71.9400,300.0000,20.0000,0.0000
0.7849,wesp,35.4636,40.0000,71.8693,300.0000,20.0000,0.0000
0.7897,wesp,35.0092,40.0000,71.7986,300.0000,20.0000,0.0000
0.7946,wesp,34.5607,40.0000,71.7281,300.0000,20.0000,0.0000
0.7995,wesp,34.1178,40.0000,71.6576,300.0000,20.0000,0.0000
0.8044,wesp,33.6807,40.0000,71.5872,300.0000,20.0000,0.0000
0.8093,wesp,33.2492,40.0000,71.5168,300.0000,20.0000,0.0000
0.8141,wesp,32.8231,40.0000,71.4465,300.0000,20.0000,0.0000
0.8190,wesp,32.4026,40.0000,71.3763,300.0000,20.0000,0.0000
0.8239,wesp,31.9874,40.0000,71.3061,300.0000,20.0000,0.0000
0.8287,wesp,31.5776,40.0000,71.2361,300.0000,20.0000,0.0000
0.8336,wesp,31.1730,40.0000,71.1661,300.0000,20.0000,0.0000
0.8385,wesp,30.7736,40.0000,71.0961,300.0000,20.0000,0.0000
0.8434,wesp,30.3793,40.0000,71.0262,300.0000,20.0000,0.0000
0.8482,wesp,29.9900,40.0000,70.9564,300.0000,20.0000,0.0000
0.8531,wesp,29.6058,40.0000,70.8867,300.0000,20.0000,0.0000
0.8580,wesp,29.2264,40.0000,70.8170,300.0000,20.0000,0.0000
0.8629,wesp,28.8519,40.0000,70.7474,300.0000,20.0000,0.0000
0.8678,wesp,28.4823,40.0000,70.6779,300.0000,20.0000,0.0000
0.8726,wesp,28.1173,40.0000,70.6084,300.0000,20.0000,0.0000
0.8775,wesp,27.7571,40.0000,70.5390,300.0000,20.0000,0.0000
0.8824,wesp,27.4014,40.0000,70.4697,300.0000,20.0000,0.0000
0.8872,wesp,27.0503,40.0000,70.4005,300.0000,20.0000,0.0000
0.8921,wesp,26.7037,40.0000,70.3313,300.0000,20.0000,0.0000
0.8970,wesp,26.3616,40.0000,70.2621,300.0000,20.0000,0.0000
0.9019,wesp,26.0238,40.0000,70.1931,300.0000,20.0000,0.0000
0.9067,wesp,25.6904,40.0000,70.1241,300.0000,20.0000,0.0000
0.9116,wesp,25.3612,40.0000,70.0552,300.0000,20.0000,0.0000
0.9165,wesp,25.0363,40.0000,69.9863,300.0000,20.0000,0.0000
0.9214,wesp,24.7155,40.0000,69.9176,300.0000,20.0000,0.0000
0.9263,wesp,24.3988,40.0000,69.8488,300.0000,20.0000,0.0000
0.9311,wesp,24.0862,40.0000,69.7802,300.0000,20.0000,0.0000
0.9360,wesp,23.7776,40.0000,69.7116,300.0000,20.0000,0.0000
0.9409,wesp,23.4729,40.0000,69.6431,300.0000,20.0000,0.0000
0.9457,wesp,23.1722,40.0000,69.5747,300.0000,20.0000,0.0000
0.9506,wesp,22.8753,40.0000,69.5063,300.0000,20.0000,0.0000
0.9555,wesp,22.5822,40.0000,69.4380,300.0000,20.0000,0.0000
0.9604,wesp,22.2928,40.0000,69.3697,300.0000,20.0000,0.0000
0.9653,wesp,22.0072,40.0000,69.3016,300.0000,20.0000,0.0000
0.9701,wesp,21.7252,40.0000,69.2334,300.0000,20.0000,0.0000
0.9750,wesp,21.4469,40.0000,69.1654,300.0000,20.0000,0.0000
0.9799,wesp,21.1721,40.0000,69.0974,300.0000,20.0000,0.0000
0.9848,wesp,20.9008,40.0000,69.0295,300.0000,20.0000,0.0000
0.9896,wesp,20.6330,40.0000,68.9617,300.0000,20.0000,0.0000
0.9945,wesp,20.3686,40.0000,68.8939,300.0000,20.0000,0.0000
0.9994,wesp,20.1076,40.0000,68.8262,300.0000,20.0000,0.0000
1.0043,wesp,19.8500,40.0000,68.7585,300.0000,20.0000,0.0000
1.0091,wesp,19.5957,40.0000,68.6910,300.0000,20.0000,0.0000
1.0140,wesp,19.3446,40.0000,68.6235,300.0000,20.0000,0.0000
1.0189,wesp,19.0967,40.0000,68.5560,300.0000,20.0000,0.0000
1.0237,wesp,18.8520,40.0000,68.4886,300.0000,20.0000,0.0000
1.0286,wesp,18.6105,40.0000,68.4213,300.0000,20.0000,0.0000
1.0335,wesp,18.3720,40.0000,68.3541,300.0000,20.0000,0.0000
1.0384,wesp,18.1366,40.0000,68.2869,300.0000,20.0000,0.0000
1.0433,wesp,17.9043,40.0000,68.2198,300.0000,20.0000,0.0000
1.0481,wesp,17.6749,40.0000,68.1527,300.0000,20.0000,0.0000
1.0530,wesp,17.4484,40.0000,68.0858,300.0000,20.0000,0.0000
1.0579,wesp,17.2248,40.0000,68.0189,300.0000,20.0000,0.0000
1.0628,wesp,17.0041,40.0000,67.9520,300.0000,20.0000,0.0000
1.0676,wesp,16.7863,40.0000,67.8852,300.0000,20.0000,0.0000
1.0725,wesp,16.5712,40.0000,67.8185,300.0000,20.0000,0.0000
1.0774,wesp,16.3589,40.0000,67.7518,300.0000,20.0000,0.0000
1.0822,wesp,16.1493,40.0000,67.6853,300.0000,20.0000,0.0000
1.0871,wesp,15.9423,40.0000,67.6187,300.0000,20.0000,0.0000
1.0920,wesp,15.7381,40.0000,67.5523,300.0000,20.0000,0.0000
1.0969,wesp,15.5364,40.0000,67.4859,300.0000,20.0000,0.0000
1.1018,wesp,15.3374,40.0000,67.4196,300.0000,20.0000,0.0000
1.1066,wesp,15.1408,40.0000,67.3533,300.0000,20.0000,0.0000
1.1115,wesp,14.9468,40.0000,67.2871,300.0000,20.0000,0.0000
1.1164,wesp,14.7553,40.0000,67.2210,300.0000,20.0000,0.0000
1.1213,wesp,14.5663,40.0000,67.1549,300.0000,20.0000,0.0000
1.1261,wesp,14.3796,40.0000,67.0889,300.0000,20.0000,0.0000
1.1310,wesp,14.1954,40.0000,67.0230,300.0000,20.0000,0.0000
1.1359,wesp,14.0135,40.0000,66.9571,300.0000,20.0000,0.0000
1.1407,wesp,13.8340,40.0000,66.8913,300.0000,20.0000,0.0000
1.1456,wesp,13.6567,40.0000,66.8256,300.0000,20.0000,0.0000
1.1505,plasma,13.4817,40.0000,66.7599,300.0000,20.0000,0.0000
1.1554,plasma,13.4817,39.6023,67.1576,298.9812,42.4787,95.1208
1.1603,plasma,13.4817,39.2074,67.5525,297.9659,64.9563,95.1210
1.1651,plasma,13.4817,38.8154,67.9445,296.9541,87.4328,95.1211
1.1700,plasma,13.4817,38.4262,68.3337,295.9457,109.9083,95.1213
1.1749,plasma,13.4817,38.0400,68.7199,294.9407,132.3829,95.1214
1.1798,plasma,13.4817,37.6565,69.1034,293.9391,154.8565,95.1216
1.1846,plasma,13.4817,37.2759,69.4840,292.9409,177.3291,95.1218
1.1895,plasma,13.4817,36.8981,69.8618,291.9461,199.8008,95.1219
1.1944,plasma,13.4817,36.5232,70.2367,290.9547,222.2715,95.1221
1.1992,plasma,13.4817,36.1511,70.6088,289.9667,244.7414,95.1222
1.2041,plasma,13.4817,35.7817,70.9782,288.9820,267.2104,95.1224
1.2090,plasma,13.4817,35.4152,71.3447,288.0006,289.6785,95.1225
1.2139,plasma,13.4817,35.0515,71.7084,287.0226,312.1458,95.1227
1.2188,plasma,13.4817,34.6905,72.0694,286.0479,334.6123,95.1228
1.2236,plasma,13.4817,34.3323,72.4276,285.0765,357.0780,95.1230
1.2285,plasma,13.4817,33.9769,72.7830,284.1084,379.5429,95.1231
1.2334,plasma,13.4817,33.6242,73.1357,283.1437,402.0070,95.1233
1.2383,plasma,13.4817,33.2743,73.4856,282.1821,424.4704,95.1234
1.2431,plasma,13.4817,32.9271,73.8328,281.2239,446.9331,95.1236
1.2480,plasma,13.4817,32.5826,74.1773,280.2689,469.3950,95.1237
1.2529,plasma,13.4817,32.2409,74.5190,279.3171,491.8563,95.1239
1.2577,plasma,13.4817,31.9018,74.8581,278.3686,514.3169,95.1240
1.2626,plasma,13.4817,31.5655,75.1944,277.4233,536.7768,95.1242
1.2675,plasma,13.4817,31.2318,75.5281,276.4812,559.2361,95.1243
1.2724,plasma,13.4817,30.9008,75.8591,275.5423,581.6947,95.1244
1.2772,plasma,13.4817,30.5725,76.1874,274.6066,604.1528,95.1246
1.2821,plasma,13.4817,30.2468,76.5131,273.6741,626.6102,95.1247
1.2870,plasma,13.4817,29.9238,76.8361,272.7447,649.0671,95.1249
1.2919,plasma,13.4817,29.6034,77.1565,271.8185,671.5234,95.1250
1.2968,plasma,13.4817,29.2857,77.4742,270.8954,693.9791,95.1251
1.3016,plasma,13.4817,28.9705,77.7894,269.9755,716.4343,95.1253
1.3065,plasma,13.4817,28.6580,78.1019,269.0587,738.8890,95.1254
1.3114,plasma,13.4817,28.3480,78.4119,268.1450,761.3432,95.1256
1.3162,plasma,13.4817,28.0406,78.7193,267.2344,783.7969,95.1257
1.3211,plasma,13.4817,27.7358,79.0241,266.3269,806.2501,95.1258
1.3260,plasma,13.4817,27.4336,79.3263,265.4225,828.7029,95.1260
1.3309,plasma,13.4817,27.1339,79.6260,264.5212,851.1552,95.1261
1.3357,plasma,13.4817,26.8367,79.9232,263.6229,873.6071,95.1262
1.3406,plasma,13.4817,26.5421,80.2178,262.7277,896.0586,95.1264
1.3455,plasma,13.4817,26.2499,80.5100,261.8355,918.5096,95.1265
1.3504,plasma,13.4817,25.9603,80.7996,260.9463,940.9603,95.1266
1.3553,plasma,13.4817,25.6732,81.0867,260.0602,963.4105,95.1268
1.3601,plasma,13.4817,25.3885,81.3714,259.1770,985.8604,95.1269
1.3650,plasma,13.4817,25.1063,81.6536,258.2969,1008.3100,95.1270
1.3699,plasma,13.4817,24.8265,81.9333,257.4198,1030.7592,95.1272
1.3747,plasma,13.4817,24.5492,82.2107,256.5456,1053.2081,95.1273
1.3796,plasma,13.4817,24.2744,82.4855,255.6744,1075.6566,95.1274
1.3845,plasma,13.4817,24.0019,82.7580,254.8062,1098.1049,95.1275
1.3894,plasma,13.4817,23.7318,83.0280,253.9409,1120.5528,95.1277
1.3942,plasma,13.4817,23.4642,83.2957,253.0785,1143.0005,95.1278
1.3991,plasma,13.4817,23.1989,83.5610,252.2191,1165.4479,95.1279
1.4040,plasma,13.4817,22.9360,83.8239,251.3626,1187.8950,95.1280
1.4089,plasma,13.4817,22.6754,84.0845,250.5090,1210.3419,95.1282
1.4138,plasma,13.4817,22.4172,84.3427,249.6583,1232.7885,95.1283
1.4186,plasma,13.4817,22.1613,84.5986,248.8105,1255.2350,95.1284
1.4235,plasma,13.4817,21.9077,84.8521,247.9656,1277.6811,95.1285
1.4284,plasma,13.4817,21.6565,85.1034,247.1235,1300.1271,95.1287
1.4332,plasma,13.4817,21.4075,85.3524,246.2843,1322.5729,95.1288
1.4381,plasma,13.4817,21.1608,85.5991,245.4479,1345.0185,95.1289
1.4430,plasma,13.4817,20.9164,85.8435,244.6144,1367.4639,95.1290
1.4479,plasma,13.4817,20.6742,86.0857,243.7838,1389.9091,95.1291
1.4527,plasma,13.4817,20.4343,86.3256,242.9559,1412.3542,95.1292
1.4576,plasma,13.4817,20.1966,86.5633,242.1308,1434.7991,95.1294
1.4625,plasma,13.4817,19.9611,86.7988,241.3086,1457.2439,95.1295
1.4674,plasma,13.4817,19.7278,87.0321,240.4891,1479.6885,95.1296
1.4723,plasma,13.4817,19.4967,87.2632,239.6725,1502.1330,95.1297
1.4771,plasma,13.4817,19.2678,87.4921,238.8586,1524.5774,95.1298
1.4820,plasma,13.4817,19.0410,87.7189,238.0474,1547.0217,95.1299
1.4869,plasma,13.4817,18.8164,87.9435,237.2391,1569.4659,95.1301
1.4917,plasma,13.4817,18.5939,88.1660,236.4334,1591.9100,95.1302
1.4966,plasma,13.4817,18.3736,88.3863,235.6305,1614.3540,95.1303
1.5015,plasma,13.4817,18.1554,88.6045,234.8304,1636.7979,95.1304
1.5064,plasma,13.4817,17.9392,88.8207,234.0329,1659.2418,95.1305
1.5112,plasma,13.4817,17.7252,89.0347,233.2382,1681.6856,95.1306
1.5161,plasma,13.4817,17.5132,89.2467,232.4461,1704.1293,95.1307
1.5210,plasma,13.4817,17.3033,89.4566,231.6568,1726.5730,95.1308
1.5259,plasma,13.4817,17.0954,89.6645,230.8701,1749.0167,95.1309
1.5308,plasma,13.4817,16.8895,89.8704,230.0861,1771.4603,95.1310
1.5356,plasma,13.4817,16.6857,90.0742,229.3047,1793.9039,95.1312
1.5405,plasma,13.4817,16.4839,90.2760,228.5260,1816.3475,95.1313
1.5454,plasma,13.4817,16.2841,90.4758,227.7500,1838.7911,95.1314
1.5502,plasma,13.4817,16.0862,90.6737,226.9766,1861.2346,95.1315
1.5551,plasma,13.4817,15.8903,90.8696,226.2058,1883.6782,95.1316
1.5600,plasma,13.4817,15.6964,91.0635,225.4376,1906.1217,95.1317
1.5649,plasma,13.4817,15.5044,91.2555,224.6721,1928.5653,95.1318
1.5697,plasma,13.4817,15.3143,91.4456,223.9091,1951.0089,95.1319
1.5746,plasma,13.4817,15.1262,91.6337,223.1487,1973.4525,95.1320
1.5795,plasma,13.4817,14.9399,91.8200,222.3910,1995.8962,95.1321
1.5844,plasma,13.4817,14.7556,92.0043,221.6357,2018.3398,95.1322
1.5893,plasma,13.4817,14.5731,92.1868,220.8831,2040.7836,95.1323
1.5941,plasma,13.4817,14.3924,92.3675,220.1330,2063.2273,95.1324
1.5990,plasma,13.4817,14.2137,92.5462,219.3855,2085.6712,95.1325
1.6039,plasma,13.4817,14.0367,92.7232,218.6405,2108.1150,95.1326
1.6087,plasma,13.4817,13.8616,92.8983,217.8980,2130.5590,95.1327
1.6136,plasma,13.4817,13.6882,93.0716,217.1580,2153.0030,95.1328
1.6185,plasma,13.4817,13.5167,93.2432,216.4206,2175.4470,95.1329
1.6234,plasma,13.4817,13.3470,93.4129,215.6856,2197.8912,95.1330
1.6282,plasma,13.4817,13.1790,93.5809,214.9532,2220.3354,95.1331
1.6331,plasma,13.4817,13.0128,93.7471,214.2232,2242.7797,95.1332
1.6380,plasma,13.4817,12.8483,93.9116,213.4958,2265.2241,95.1333
1.6429,plasma,13.4817,12.6855,94.0744,212.7708,2287.6686,95.1334
1.6478,plasma,13.4817,12.5245,94.2354,212.0482,2310.1131,95.1335
1.6526,catalyst,13.4817,12.3652,94.3947,211.3281,2332.5578,95.1335
1.6575,catalyst,13.4817,12.3652,94.0772,208.9678,2055.6774,0.0000
1.6624,catalyst,13.4817,12.3652,93.7607,206.6338,1811.6634,0.0000
1.6672,catalyst,13.4817,12.3652,93.4453,204.3259,1596.6145,0.0000
1.6721,catalyst,13.4817,12.3652,93.1310,202.0437,1407.0924,0.0000
1.6770,catalyst,13.4817,12.3652,92.8177,199.7870,1240.0670,0.0000
1.6819,catalyst,13.4817,12.3652,92.5055,197.5556,1092.8680,0.0000
1.6867,catalyst,13.4817,12.3652,92.1943,195.3491,963.1419,0.0000
1.6916,catalyst,13.4817,12.3652,91.8841,193.1672,848.8145,0.0000
1.6965,catalyst,13.4817,12.3652,91.5750,191.0097,748.0582,0.0000
1.7014,catalyst,13.4817,12.3652,91.2670,188.8762,659.2618,0.0000
1.7063,catalyst,13.4817,12.3652,90.9600,186.7667,581.0058,0.0000
1.7111,catalyst,13.4817,12.3652,90.6540,184.6806,512.0390,0.0000
1.7160,catalyst,13.4817,12.3652,90.3490,182.6179,451.2587,0.0000
1.7209,catalyst,13.4817,12.3652,90.0451,180.5782,397.6931,0.0000
1.7257,catalyst,13.4817,12.3652,89.7422,178.5613,350.4860,0.0000
1.7306,catalyst,13.4817,12.3652,89.4403,176.5669,308.8824,0.0000
1.7355,catalyst,13.4817,12.3652,89.1395,174.5948,272.2173,0.0000
1.7404,catalyst,13.4817,12.3652,88.8396,172.6448,239.9045,0.0000
1.7452,catalyst,13.4817,12.3652,88.5407,170.7165,211.4272,0.0000
1.7501,catalyst,13.4817,12.3652,88.2429,168.8097,186.3303,0.0000
1.7550,catalyst,13.4817,12.3652,87.9461,166.9242,164.2124,0.0000
1.7599,catalyst,13.4817,12.3652,87.6502,165.0598,144.7200,0.0000
1.7648,catalyst,13.4817,12.3652,87.3554,163.2163,127.5414,0.0000
1.7696,catalyst,13.4817,12.3652,87.0615,161.3933,112.4019,0.0000
1.7745,catalyst,13.4817,12.3652,86.7686,159.5906,99.0595,0.0000
1.7794,catalyst,13.4817,12.3652,86.4768,157.8081,87.3009,0.0000
1.7842,catalyst,13.4817,12.3652,86.1859,156.0456,76.9381,0.0000
1.7891,catalyst,13.4817,12.3652,85.8959,154.3027,67.8053,0.0000
1.7940,catalyst,13.4817,12.3652,85.6070,152.5792,59.7567,0.0000
1.7989,catalyst,13.4817,12.3652,85.3190,150.8751,52.6634,0.0000
1.8037,catalyst,13.4817,12.3652,85.0320,149.1899,46.4121,0.0000
1.8086,catalyst,13.4817,12.3652,84.7460,147.5236,40.9029,0.0000
1.8135,catalyst,13.4817,12.3652,84.4609,145.8759,36.0476,0.0000
1.8184,catalyst,13.4817,12.3652,84.1768,144.2466,31.7687,0.0000
1.8233,catalyst,13.4817,12.3652,83.8936,142.6354,27.9977,0.0000
1.8281,catalyst,13.4817,12.3652,83.6114,141.0423,24.6743,0.0000
1.8330,catalyst,13.4817,12.3652,83.3301,139.4670,21.7454,0.0000
1.8379,catalyst,13.4817,12.3652,83.0498,137.9093,19.1641,0.0000
1.8427,catalyst,13.4817,12.3652,82.7704,136.3689,16.8893,0.0000
1.8476,catalyst,13.4817,12.3652,82.4920,134.8458,14.8845,0.0000
1.8525,catalyst,13.4817,12.3652,82.2145,133.3397,13.1177,0.0000
1.8574,catalyst,13.4817,12.3652,81.9379,131.8504,11.5606,0.0000
1.8622,catalyst,13.4817,12.3652,81.6623,130.3778,10.1883,0.0000
1.8671,catalyst,13.4817,12.3652,81.3876,128.9215,8.9789,0.0000
1.8720,catalyst,13.4817,12.3652,81.1138,127.4816,7.9131,0.0000
1.8769,catalyst,13.4817,12.3652,80.8409,126.0577,6.9738,0.0000
1.8818,catalyst,13.4817,12.3652,80.5690,124.6498,6.1460,0.0000
1.8866,catalyst,13.4817,12.3652,80.2980,123.2575,5.4165,0.0000
1.8915,catalyst,13.4817,12.3652,80.0279,121.8809,4.7735,0.0000
1.8964,catalyst,13.4817,12.3652,79.7587,120.5196,4.2069,0.0000
1.9013,catalyst,13.4817,12.3652,79.4904,119.1735,3.7075,0.0000
1.9061,catalyst,13.4817,12.3652,79.2230,117.8424,3.2674,0.0000
1.9110,catalyst,13.4817,12.3652,78.9565,116.5262,2.8796,0.0000
1.9159,catalyst,13.4817,12.3652,78.6908,115.2247,2.5378,0.0000
1.9207,catalyst,13.4817,12.3652,78.4261,113.9377,2.2365,0.0000
1.9256,catalyst,13.4817,12.3652,78.1623,112.6651,1.9710,0.0000
1.9305,catalyst,13.4817,12.3652,77.8994,111.4068,1.7371,0.0000
1.9354,catalyst,13.4817,12.3652,77.6373,110.1624,1.5309,0.0000
1.9403,catalyst,13.4817,12.3652,77.3762,108.9320,1.3492,0.0000
1.9451,catalyst,13.4817,12.3652,77.1159,107.7153,1.1890,0.0000
1.9500,outlet,13.4817,12.3652,76.8565,106.5123,1.0479,0.0000
